{
  "n_samples": 117,
  "top1_exact_match": 0.1623931623931624,
  "top10_exact_match": 0.21367521367521367
}