{
  "n_samples": 117,
  "top1_exact_match": 0.05982905982905983,
  "top10_exact_match": 0.1111111111111111
}